{
    "Gradient Boosting": {
        "MAE": 17.247961459773574,
        "RMSE": 30.389169773101212,
        "CV(RMSE) (%)": 26.562628179067726,
        "R\u00b2": 0.8860533667925325
    },
    "LSTM": {
        "MAE": 15.084376686278253,
        "RMSE": 27.440144046941057,
        "CV(RMSE) (%)": 23.95209140524173,
        "R\u00b2": 0.9072289060227698
    },
    "Random Forest": {
        "MAE": 13.188617735657049,
        "RMSE": 27.97447682615512,
        "CV(RMSE) (%)": 24.418502497933456,
        "R\u00b2": 0.9035807274540972
    },
    "Neural Network": {
        "MAE": 11.103615760803223,
        "RMSE": 22.467315670491214,
        "CV(RMSE) (%)": 19.61138263793596,
        "R\u00b2": 0.9378069043159485
    }
}